name,metier,phone,ville,departement,region,region_label,rating,reviews,hours_status,is_open_now,address,maps_url,siret,created_at,age_years,legal_status,naf_code
ART ELEC,electricien,02 54 08 02 49,Chateauroux,Indre,centre,Centre-Val de Loire,"3,4",77,Ouvre à 09:00 ven.,non,,https://www.google.com/maps/place/ART+ELEC/data=!4m7!3m6!1s0x47fba7479819f68f:0xd7468e2111d14967!8m2!3d46.7941043!4d1.7146508!16s%2Fg%2F11hbnxfjg3!19sChIJj_YZmEen-0cRZ0nRESGORtc?authuser=0&hl=fr&rclk=1,49360171000038,2007-01-01,19,actif,43.21A
S.L.E.E (Société Luantaise Equipements Electriques),electricien,02 54 36 76 06,Chateauroux,Indre,centre,Centre-Val de Loire,"4,7",37,,non,21 Rue Robert Mallet-Stevens,https://www.google.com/maps/place/S.L.E.E+%28Soci%C3%A9t%C3%A9+Luantaise+Equipements+Electriques%29/data=!4m7!3m6!1s0x47fba735df29701f:0x2219857caf1bc023!8m2!3d46.7908892!4d1.7090238!16s%2Fg%2F11cn9kg255!19sChIJH3Ap3zWn-0cRI8Abr3yFGSI?authuser=0&hl=fr&rclk=1,38514567700030,1992-01-01,34,actif,43.21A
GAPTEAU Franck Electricité,electricien,06 62 08 47 07,Bourges,Cher,centre,Centre-Val de Loire,"4,7",27,Ouvre à 08:00 ven.,non,58 Rue Georges Politzer,https://www.google.com/maps/place/GAPTEAU+Franck+Electricit%C3%A9/data=!4m7!3m6!1s0x47fadbf4f31920c7:0xde5f6aedb8113c31!8m2!3d47.2033067!4d2.0805793!16s%2Fg%2F1hc4fcp08!19sChIJxyAZ8_Tb-kcRMTwRuO1qX94?authuser=0&hl=fr&rclk=1,52914862900023,2011-01-10,15,actif,43.21A
Limouzin Jean-Paul,electricien,02 48 50 31 08,Bourges,Cher,centre,Centre-Val de Loire,"4,6",27,Ouvre à 08:00 ven.,non,Limouzin Jean-Paul,https://www.google.com/maps/place/Limouzin+Jean-Paul/data=!4m7!3m6!1s0x47fa95c642da7167:0x27c963e0aeb498ab!8m2!3d47.0842895!4d2.3764442!16s%2Fg%2F1tngpn6_!19sChIJZ3HaQsaV-kcRq5i0ruBjySc?authuser=0&hl=fr&rclk=1,40204643700032,1995-08-25,30,actif,43.21A
Marais Christophe,electricien,07 60 36 09 71,Bourges,Cher,centre,Centre-Val de Loire,"4,6",26,Ouvre à 08:00 ven.,non,3 Rue des Grands Jardins,https://www.google.com/maps/place/Marais+Christophe/data=!4m7!3m6!1s0x47e54c0c621b2b93:0x48e983996f2628c4!8m2!3d47.4889633!4d2.4424961!16s%2Fg%2F11b6dygsv4!19sChIJkysbYgxM5UcRxCgmb5mD6Ug?authuser=0&hl=fr&rclk=1,43457256600025,2001-01-20,25,radie,68.20B
REGB - Bâtiment,electricien,02 48 55 28 92,Bourges,Cher,centre,Centre-Val de Loire,"3,9",21,Ouvre à 08:00 ven.,non,,https://www.google.com/maps/place/REGB+-+B%C3%A2timent/data=!4m7!3m6!1s0x47fa95e2419a8271:0xc1bfebe7c6ac97aa!8m2!3d47.0927998!4d2.3841548!16s%2Fg%2F1v1kp6sj!19sChIJcYKaQeKV-kcRqpesxufrv8E?authuser=0&hl=fr&rclk=1,44172815100065,2002-04-01,24,actif,43.32A
Avenir électrique du Berry,electricien,06 36 93 97 09,Vierzon,Cher,centre,Centre-Val de Loire,"4,9",17,Ouvre à 08:00 ven.,non,,https://www.google.com/maps/place/Avenir+%C3%A9lectrique+du+Berry/data=!4m7!3m6!1s0x47fad922624ab907:0x3c4ecd2e628b6baa!8m2!3d47.2149965!4d2.0303085!16s%2Fg%2F11bwyq0gqv!19sChIJB7lKYiLZ-kcRqmuLYi7NTjw?authuser=0&hl=fr&rclk=1,81155435100015,2015-06-01,10,actif,43.21A
Clem'elec,electricien,06 32 10 70 94,Chateauroux,Indre,centre,Centre-Val de Loire,"5,0",13,Ouvre à 07:30 ven.,non,,https://www.google.com/maps/place/Clem%27elec/data=!4m7!3m6!1s0x47fba09af974bbab:0xcb8a7246158717bf!8m2!3d46.8053701!4d1.6744477!16s%2Fg%2F11f4ln95gm!19sChIJq7t0-Zqg-0cRvxeHFUZyiss?authuser=0&hl=fr&rclk=1,83528329200018,2018-02-12,8,actif,43.21A
Csi36 électricité,electricien,06 28 60 40 32,Chateauroux,Indre,centre,Centre-Val de Loire,"5,0",9,Ouvre à 08:00 ven.,non,,https://www.google.com/maps/place/Csi36+%C3%A9lectricit%C3%A9/data=!4m7!3m6!1s0x479b1452bc39d17:0xc4c2481a2d55e98e!8m2!3d46.7731281!4d1.6525529!16s%2Fg%2F11yv5ygv75!19sChIJF53DK0WxeQQRjulVLRpIwsQ?authuser=0&hl=fr&rclk=1,,,,inconnu,
Ohm elec,electricien,07 48 12 96 51,Chateauroux,Indre,centre,Centre-Val de Loire,"5,0",8,,non,,https://www.google.com/maps/place/Ohm+elec/data=!4m7!3m6!1s0x47fba146a7cb3dab:0x7b2a81ce0fadd6af!8m2!3d46.858589!4d1.8202704!16s%2Fg%2F11fq3dqxr8!19sChIJqz3Lp0ah-0cRr9atD86BKns?authuser=0&hl=fr&rclk=1,43770207900025,2001-05-03,25,actif,43.21A
Renier Francis,electricien,02 48 58 06 04,Bourges,Cher,centre,Centre-Val de Loire,"4,8",8,,non,Route Clémont BP 13,https://www.google.com/maps/place/Renier+Francis/data=!4m7!3m6!1s0x47e54c01bd65e371:0x97846143fca90b6!8m2!3d47.500083!4d2.432785!16s%2Fg%2F1tj1rcfs!19sChIJceNlvQFM5UcRtpDKPxRGeAk?authuser=0&hl=fr&rclk=1,82906716400014,2017-05-01,9,actif,68.20B
EB-BAT,electricien,07 49 71 35 88,Vierzon,Cher,centre,Centre-Val de Loire,"5,0",7,Ouvre à 08:00 ven.,non,,https://www.google.com/maps/place/EB-BAT/data=!4m7!3m6!1s0x47fac31618961dd3:0x1b79d1ada130d279!8m2!3d47.1923461!4d2.1841911!16s%2Fg%2F11ll48mxgb!19sChIJ0x2WGBbD-kcRedIwoa3ReRs?authuser=0&hl=fr&rclk=1,90842375900012,2022-01-01,4,actif,43.21A
Allo Electrique Service,electricien,02 48 59 54 61,Bourges,Cher,centre,Centre-Val de Loire,"4,6",7,,non,15 Rue des Jonquilles,https://www.google.com/maps/place/Allo+Electrique+Service/data=!4m7!3m6!1s0x47fa94e7edf5a4a7:0xa3050de646e08019!8m2!3d47.0648274!4d2.3291614!16s%2Fg%2F11btmqwt0q!19sChIJp6T17eeU-kcRGYDgRuYNBaM?authuser=0&hl=fr&rclk=1,35053109100014,1989-01-26,37,actif,82.99Z
Bernard Limbert Et Fils,electricien,02 54 36 26 38,Chateauroux,Indre,centre,Centre-Val de Loire,"5,0",6,,non,,https://www.google.com/maps/place/Bernard+Limbert+Et+Fils/data=!4m7!3m6!1s0x47fb7478870612d1:0xfd6de83ad0fbde63!8m2!3d46.8918365!4d1.5755151!16s%2Fg%2F1trpkkn2!19sChIJ0RIGh3h0-0cRY9770Drobf0?authuser=0&hl=fr&rclk=1,,,,inconnu,
IDEA habitat,electricien,06 31 12 54 56,Chateauroux,Indre,centre,Centre-Val de Loire,"5,0",6,Ouvre à 08:00 ven.,non,"""En plus d'être professionnel, mr Dauzin est à l'écoute et très agréable.""",https://www.google.com/maps/place/IDEA+habitat/data=!4m7!3m6!1s0x47fba95d4ef0f817:0x19b8e328fc3a75e0!8m2!3d46.7682941!4d1.8395776!16s%2Fg%2F11n5wc1x0n!19sChIJF_jwTl2p-0cR4HU6_CjjuBk?authuser=0&hl=fr&rclk=1,53880918700015,2012-01-02,14,actif,43.99C
Benoist Didier,electricien,06 62 57 49 40,Bourges,Cher,centre,Centre-Val de Loire,"4,3",6,Ouvre à 08:00 ven.,non,"La, 4 Rue Charles Perrault",https://www.google.com/maps/place/Benoist+Didier/data=!4m7!3m6!1s0x47fa953dbe6176f9:0xac6717e65a391aac!8m2!3d47.0666822!4d2.3236735!16s%2Fg%2F11jq0cq4hm!19sChIJ-XZhvj2V-kcRrBo5WuYXZ6w?authuser=0&hl=fr&rclk=1,52078792000054,2010-03-08,16,actif,43.21A
Chatton Laurent,electricien,02 54 22 03 19,Chateauroux,Indre,centre,Centre-Val de Loire,"5,0",5,,non,,https://www.google.com/maps/place/Chatton+Laurent/data=!4m7!3m6!1s0x47fa5612bdf446bb:0xc6ce0d6fb7b14b09!8m2!3d46.7889558!4d2.0455521!16s%2Fg%2F1thqg318!19sChIJu0b0vRJW-kcRCUuxt28NzsY?authuser=0&hl=fr&rclk=1,52266281600019,2010-06-01,15,actif,43.21A
RAPIN sarl,electricien,02 48 26 16 69,Bourges,Cher,centre,Centre-Val de Loire,"5,0",5,Ouvre à 07:00 ven.,non,,https://www.google.com/maps/place/RAPIN+sarl/data=!4m7!3m6!1s0x47f074a2fa1a4d39:0xd02dda646b191c36!8m2!3d47.0851501!4d2.7266775!16s%2Fg%2F1tfn21tz!19sChIJOU0a-qJ08EcRNhwZa2TaLdA?authuser=0&hl=fr&rclk=1,31833209500021,1964-01-01,62,C,43.21A
MC ELEC,electricien,07 70 04 15 22,Vierzon,Cher,centre,Centre-Val de Loire,"5,0",5,Ouvre à 08:00 ven.,non,3 Rue Léon Bourgeois,https://www.google.com/maps/place/MC+ELEC/data=!4m7!3m6!1s0x47fad9b77c1d7027:0xae4c9d774cc213a3!8m2!3d47.2132336!4d2.0589177!16s%2Fg%2F11xg3l6gt8!19sChIJJ3AdfLfZ-kcRoxPCTHedTK4?authuser=0&hl=fr&rclk=1,94040888300012,2025-01-29,1,actif,43.21A
electricite-bourges-sdee,electricien,02 48 59 50 83,Bourges,Cher,centre,Centre-Val de Loire,"4,4",5,,non,,https://www.google.com/maps/place/electricite-bourges-sdee/data=!4m7!3m6!1s0x47fa95fde32c3b3f:0x560af5ae07004b4c!8m2!3d47.1062015!4d2.3946887!16s%2Fg%2F11c7sql7wq!19sChIJPzss4_2V-kcRTEsAB671ClY?authuser=0&hl=fr&rclk=1,30012519200033,1964-01-01,62,actif,43.21A
E.U.R.L. Jean Louis Quentin,electricien,02 48 50 59 24,Bourges,Cher,centre,Centre-Val de Loire,"4,2",5,Ouvre à 08:00 ven.,non,,https://www.google.com/maps/place/E.U.R.L.+Jean+Louis+Quentin/data=!4m7!3m6!1s0x47fa96706a15bbe5:0x70092e69ececf853!8m2!3d47.2226342!4d2.3155943!16s%2Fg%2F11btmr52ws!19sChIJ5bsVanCW-kcRU_js7GkuCXA?authuser=0&hl=fr&rclk=1,49457555800049,2007-03-01,19,actif,43.21A
FK électricité,electricien,06 86 22 12 34,Bourges,Cher,centre,Centre-Val de Loire,"5,0",4,Ouvre à 09:00 ven.,non,,https://www.google.com/maps/place/FK+%C3%A9lectricit%C3%A9/data=!4m7!3m6!1s0x47fac17b3385efbd:0xcab53e432ce07c46!8m2!3d47.1559698!4d2.2580706!16s%2Fg%2F11j2vgm2x2!19sChIJve-FM3vB-kcRRnzgLEM-tco?authuser=0&hl=fr&rclk=1,91472370500010,2022-05-02,4,actif,43.21A
Mickael Marques,electricien,06 11 47 70 90,Vierzon,Cher,centre,Centre-Val de Loire,"5,0",4,Ouvre à 08:00 ven.,non,,https://www.google.com/maps/place/Mickael+Marques/data=!4m7!3m6!1s0x47fadb0021f4c9dd:0xf1f29457e6b20edb!8m2!3d47.2266361!4d2.1115429!16s%2Fg%2F11fr1ml9nq!19sChIJ3cn0IQDb-kcR2w6y5leU8vE?authuser=0&hl=fr&rclk=1,84035254600013,2018-06-12,7,radie,43.21A
Berry Services,electricien,06 26 35 62 39,Bourges,Cher,centre,Centre-Val de Loire,"5,0",3,,non,,https://www.google.com/maps/place/Berry+Services/data=!4m7!3m6!1s0x47fa979d0273760b:0x6f6983fdac83da6a!8m2!3d47.0614684!4d2.4223351!16s%2Fg%2F11ljt5fh81!19sChIJC3ZzAp2X-kcRatqDrP2DaW8?authuser=0&hl=fr&rclk=1,50106951200033,2007-11-15,18,actif,88.10A
Guyard Bernard,electricien,02 48 26 10 87,Bourges,Cher,centre,Centre-Val de Loire,"5,0",3,,non,36 Rue Jean Dubois,https://www.google.com/maps/place/Guyard+Bernard/data=!4m7!3m6!1s0x47f0749d9fc5c13f:0x18c16eb4b4a75ba8!8m2!3d47.076961!4d2.7325745!16s%2Fg%2F1tkf095v!19sChIJP8HFn5108EcRqFuntLRuwRg?authuser=0&hl=fr&rclk=1,55644210100011,1963-01-01,63,radie,10.71C
SARL ARTEC,electricien,02 36 55 50 01,Vierzon,Cher,centre,Centre-Val de Loire,"5,0",3,Ouvre à 07:30 ven.,non,,https://www.google.com/maps/place/SARL+ARTEC/data=!4m7!3m6!1s0x47fad9ba0691b1a9:0x45c7ef073687b088!8m2!3d47.2042605!4d2.045689!16s%2Fg%2F11hdk_jwlc!19sChIJqbGRBrrZ-kcRiLCHNgfvx0U?authuser=0&hl=fr&rclk=1,32827653000024,1983-10-10,42,actif,28.17
Etablissements Daniel Bruneau,electricien,02 54 26 04 98,Chateauroux,Indre,centre,Centre-Val de Loire,"4,3",3,,non,,https://www.google.com/maps/place/Etablissements+Daniel+Bruneau/data=!4m7!3m6!1s0x47fb06210d383c53:0x64de3745c0ade3af!8m2!3d46.866425!4d1.7936587!16s%2Fg%2F11b6dgrrjc!19sChIJUzw4DSEG-0cRr-OtwEU33mQ?authuser=0&hl=fr&rclk=1,44512079300010,2003-01-01,23,actif,01.21Z
Ineo Centre / Equans,electricien,02 48 27 16 40,Bourges,Cher,centre,Centre-Val de Loire,"4,3",3,Ouvre à 08:00 ven.,non,3 Rue Bossuet,https://www.google.com/maps/place/Ineo+Centre+%2F+Equans/data=!4m7!3m6!1s0x47fa97c56fa5d355:0xc8ab7c188d17c3b2!8m2!3d47.098716!4d2.448702!16s%2Fg%2F11b6d2b2bx!19sChIJVdOlb8WX-kcRssMXjRh8q8g?authuser=0&hl=fr&rclk=1,48010803400020,2004-12-22,21,actif,43.21A
Pvelec,electricien,02 48 71 82 43,Vierzon,Cher,centre,Centre-Val de Loire,"3,3",3,Ouvre à 07:30 ven.,non,24 Rue Camille Desmoulins,https://www.google.com/maps/place/Pvelec/data=!4m7!3m6!1s0x47fad963c25854e1:0x4df87f769b110e2e!8m2!3d47.2208772!4d2.061496!16s%2Fg%2F1td5qmpy!19sChIJ4VRYwmPZ-kcRLg4Rm3Z_-E0?authuser=0&hl=fr&rclk=1,47846349000019,2004-09-01,21,actif,46.69A
Matelec,electricien,06 49 69 19 32,Bourges,Cher,centre,Centre-Val de Loire,"5,0",2,,non,,https://www.google.com/maps/place/Matelec/data=!4m7!3m6!1s0x47fa95ccd69035e7:0x4ea548b4424a90ed!8m2!3d47.0730053!4d2.3795249!16s%2Fg%2F11g0tl6qxp!19sChIJ5zWQ1syV-kcR7ZBKQrRIpU4?authuser=0&hl=fr&rclk=1,80916594700015,2015-02-16,11,actif,43.21A
Électricité Générale - Indre | Ricci Électricité Rénovation,electricien,06 03 42 98 25,Bourges,Cher,centre,Centre-Val de Loire,"5,0",2,Ouvre à 08:00 ven.,non,,https://www.google.com/maps/place/%C3%89lectricit%C3%A9+G%C3%A9n%C3%A9rale+-+Indre+%7C+Ricci+%C3%89lectricit%C3%A9+R%C3%A9novation/data=!4m7!3m6!1s0x12cb6e5fa59fb157:0x5d52bfc8756cd6d!8m2!3d47.6439675!4d1.5907082!16s%2Fg%2F1xpt122y!19sChIJV7GfpV9uyxIRbc1Wh_wr1QU?authuser=0&hl=fr&rclk=1,88000320700011,2019-11-29,6,actif,68.20B
F.L EOS ELEC,electricien,07 88 28 80 66,Vierzon,Cher,centre,Centre-Val de Loire,"5,0",2,Ouvert 24h,oui,31 Rue Pierre Dupont,https://www.google.com/maps/place/F.L+EOS+ELEC/data=!4m7!3m6!1s0x4cdc91f13bb2a91:0xa9fa42884ae93520!8m2!3d47.236129!4d2.0451011!16s%2Fg%2F11xlgdynym!19sChIJkSq7Ex_JzQQRIDXpSohC-qk?authuser=0&hl=fr&rclk=1,98897436600011,2025-07-08,0,actif,43.21A
Dominique Josserand,electricien,02 48 71 12 65,Vierzon,Cher,centre,Centre-Val de Loire,"5,0",2,Ouvre à 08:00 ven.,non,29 Bd de la Nation,https://www.google.com/maps/place/Dominique+Josserand/data=!4m7!3m6!1s0x47fad98e6a84ec95:0x17c40c2540e9f39e!8m2!3d47.2148642!4d2.0579026!16s%2Fg%2F11fthksvdx!19sChIJleyEao7Z-kcRnvPpQCUMxBc?authuser=0&hl=fr&rclk=1,49073491000055,2006-07-03,19,actif,43.21A
Deschatrette Electricité Services,electricien,02 54 22 15 49,Chateauroux,Indre,centre,Centre-Val de Loire,"4,5",2,,non,87 Rue Ampère,https://www.google.com/maps/place/Deschatrette+Electricit%C3%A9+Services/data=!4m7!3m6!1s0x47fba7580675ccd7:0xbde2aeb611ade919!8m2!3d46.8124911!4d1.7136184!16s%2Fg%2F1tfgj5cq!19sChIJ18x1Blin-0cRGemtEbau4r0?authuser=0&hl=fr&rclk=1,88535043900018,2020-05-12,6,actif,47.99A
Louis Philippe,electricien,02 48 71 38 41,Vierzon,Cher,centre,Centre-Val de Loire,"4,0",2,,non,25 Rue Gustave Flourens,https://www.google.com/maps/place/Louis+Philippe/data=!4m7!3m6!1s0x47fad9775f02c3f7:0x353e408b3c3854c9!8m2!3d47.2310201!4d2.055211!16s%2Fg%2F1td7h2n4!19sChIJ98MCX3fZ-kcRyVQ4PItAPjU?authuser=0&hl=fr&rclk=1,43790155600013,2001-01-01,25,radie,43.21A
Services A Dom !,electricien,02 48 65 11 34,Bourges,Cher,centre,Centre-Val de Loire,"3,0",2,,non,,https://www.google.com/maps/place/Services+A+Dom+!/data=!4m7!3m6!1s0x47fa959fb40bfffd:0x9549e9a1581e2c64!8m2!3d47.0948073!4d2.3536352!16s%2Fg%2F11f54zztqv!19sChIJ_f8LtJ-V-kcRZCweWKHpSZU?authuser=0&hl=fr&rclk=1,51369658300097,2009-07-13,16,actif,88.91A
TECHELEC~BTI,electricien,06 10 99 56 55,Bourges,Cher,centre,Centre-Val de Loire,"3,0",2,Ouvre à 08:00 ven.,non,,https://www.google.com/maps/place/TECHELEC~BTI/data=!4m7!3m6!1s0x2ab90ffb58efbfc7:0xb6572169929c1666!8m2!3d47.0018363!4d2.216428!16s%2Fg%2F11rz7p87bh!19sChIJx7_vWPsPuSoRZhackmkhV7Y?authuser=0&hl=fr&rclk=1,81406572800010,2015-11-01,10,actif,43.21A
Masset Philippe,electricien,02 54 22 31 09,Chateauroux,Indre,centre,Centre-Val de Loire,"5,0",1,,non,,https://www.google.com/maps/place/Masset+Philippe/data=!4m7!3m6!1s0x47fb09f46fdcb905:0xd200d260ad320af3!8m2!3d46.8289485!4d1.7089617!16s%2Fg%2F1tgj__78!19sChIJBbncb_QJ-0cR8woyrWDSANI?authuser=0&hl=fr&rclk=1,31442325200027,1978-01-01,48,actif,96.09Z
FHCBF,electricien,07 69 07 26 19,Vierzon,Cher,centre,Centre-Val de Loire,"5,0",1,Ouvre à 08:00 ven.,non,34 Rue Robespierre,https://www.google.com/maps/place/FHCBF/data=!4m7!3m6!1s0x651bc7521392c247:0x2bba3306d331086e!8m2!3d47.2207373!4d2.0984701!16s%2Fg%2F11xsf7z8_x!19sChIJR8KSE1LHG2URbggx0wYzuis?authuser=0&hl=fr&rclk=1,,,,inconnu,
Laurier Jean-Jacques,electricien,02 48 75 09 25,Vierzon,Cher,centre,Centre-Val de Loire,"5,0",1,,non,53 Rue Emile Desforges,https://www.google.com/maps/place/Laurier+Jean-Jacques/data=!4m7!3m6!1s0x47fadbc98affc3d7:0xfc9e4112ade3e130!8m2!3d47.2292852!4d2.0853963!16s%2Fg%2F1tfqq9mh!19sChIJ18P_isnb-kcRMOHjrRJBnvw?authuser=0&hl=fr&rclk=1,77507236600013,1964-01-01,62,radie,33.14Z
Bati 18,electricien,02 48 71 88 10,Vierzon,Cher,centre,Centre-Val de Loire,"5,0",1,,non,,https://www.google.com/maps/place/Bati+18/data=!4m7!3m6!1s0x47fad948ef003d8d:0x7df63fa1d2b59fd2!8m2!3d47.204101!4d2.046373!16s%2Fg%2F1tg152jm!19sChIJjT0A70jZ-kcR0p-10qE_9n0?authuser=0&hl=fr&rclk=1,33065129000026,1984-07-22,41,actif,41.20B
Koziol Edward,electricien,02 48 26 48 08,Bourges,Cher,centre,Centre-Val de Loire,"4,0",1,,non,Koziol Edward,https://www.google.com/maps/place/Koziol+Edward/data=!4m7!3m6!1s0x47fa94db4e33f7af:0x487b4e409ceebef2!8m2!3d47.0645274!4d2.3221469!16s%2Fg%2F1v3gr80l!19sChIJr_czTtuU-kcR8r7unEBOe0g?authuser=0&hl=fr&rclk=1,37853624700018,1990-07-09,35,radie,43.21A
Dindeleux Alain,electricien,02 48 21 21 00,Bourges,Cher,centre,Centre-Val de Loire,"2,0",1,,non,,https://www.google.com/maps/place/Dindeleux+Alain/data=!4m7!3m6!1s0x47fa9681e015e6d5:0xf0ff18668b0fb752!8m2!3d47.0685814!4d2.3921547!16s%2Fg%2F1tghchj8!19sChIJ1eYV4IGW-kcRUrcPi2YY__A?authuser=0&hl=fr&rclk=1,51841518700013,2009-10-01,16,actif,43.21A
"BELHASMART Electricien, Alarme et vidéo surveillance",electricien,06 51 88 16 77,Chateauroux,Indre,centre,Centre-Val de Loire,,0,Ouvre à 08:00 ven.,non,66 Rue de La Margotière,"https://www.google.com/maps/place/BELHASMART+Electricien,+Alarme+et+vid%C3%A9o+surveillance/data=!4m7!3m6!1s0x47fba785f8fd2bf7:0xe5a90efd39dbfcfc!8m2!3d46.7857082!4d1.7067403!16s%2Fg%2F11rk5n2y7b!19sChIJ9yv9-IWn-0cR_PzbOf0OqeU?authuser=0&hl=fr&rclk=1",,,,inconnu,
Lemaigre Patrick SARL,electricien,02 54 08 41 89,Chateauroux,Indre,centre,Centre-Val de Loire,,0,,non,,https://www.google.com/maps/place/Lemaigre+Patrick+SARL/data=!4m7!3m6!1s0x47fba0b44c69bcb1:0xb0feab48271d2dd1!8m2!3d46.7959707!4d1.6993016!16s%2Fg%2F1tj88szl!19sChIJsbxpTLSg-0cR0S0dJ0ir_rA?authuser=0&hl=fr&rclk=1,45146723700017,2004-01-01,22,radie,43.21A
L'AIGLE HABITAT,electricien,07 85 59 99 48,Chateauroux,Indre,centre,Centre-Val de Loire,,0,,non,,https://www.google.com/maps/place/L%27AIGLE+HABITAT/data=!4m7!3m6!1s0x47fba72de755336b:0x3b2b70a656410dc4!8m2!3d46.7821097!4d1.7066603!16s%2Fg%2F12jrgjhxg!19sChIJazNV5y2n-0cRxA1BVqZwKzs?authuser=0&hl=fr&rclk=1,99444565800010,2025-11-01,0,actif,68.20B
Forclum Val de Loire,electricien,02 54 27 51 38,Chateauroux,Indre,centre,Centre-Val de Loire,,0,,non,10 Bd d'Anvaux,https://www.google.com/maps/place/Forclum+Val+de+Loire/data=!4m7!3m6!1s0x47fb079e292683f5:0x8aabbf867185f749!8m2!3d46.8075809!4d1.7296796!16s%2Fg%2F1tnjhykg!19sChIJ9YMmKZ4H-0cRSfeFcYa_q4o?authuser=0&hl=fr&rclk=1,38877940700013,1992-10-06,33,actif,43.21A
Bravo Jose,electricien,02 48 70 85 60,Bourges,Cher,centre,Centre-Val de Loire,,0,,non,,https://www.google.com/maps/place/Bravo+Jose/data=!4m7!3m6!1s0x47fa9628e5255e63:0xa1f377c4421a06d5!8m2!3d47.1075704!4d2.4292759!16s%2Fg%2F1tglgp89!19sChIJY14l5SiW-kcR1QYaQsR386E?authuser=0&hl=fr&rclk=1,33364848300027,1985-10-01,40,radie,43.21A
Brisset Maurice Sarl,electricien,02 48 50 41 13,Bourges,Cher,centre,Centre-Val de Loire,,0,,non,,https://www.google.com/maps/place/Brisset+Maurice+Sarl/data=!4m7!3m6!1s0x47fa951ae7bef8bd:0xb16fef0fbd298c21!8m2!3d47.0822407!4d2.3388504!16s%2Fg%2F1w6r7msj!19sChIJvfi-5xqV-kcRIYwpvQ_vb7E?authuser=0&hl=fr&rclk=1,44766840100014,2003-04-01,23,actif,86.90A
BGE,electricien,02 48 64 74 88,Bourges,Cher,centre,Centre-Val de Loire,,0,Ouvre à 08:00 ven.,non,,https://www.google.com/maps/place/BGE/data=!4m7!3m6!1s0x47fa93dca515c6ff:0xeaadfdbf0c7d2b8!8m2!3d47.0099856!4d2.377484!16s%2Fg%2F1w97trr7!19sChIJ_8YVpdyT-kcRuNLH8Nvfqg4?authuser=0&hl=fr&rclk=1,50206723400026,2007-08-06,18,actif,82.99Z
Segb,electricien,02 48 75 30 83,Vierzon,Cher,centre,Centre-Val de Loire,,0,,non,Rue Marcel Paul,https://www.google.com/maps/place/Segb/data=!4m7!3m6!1s0x47fadbb4b0dd7ed9:0x99e2fcd1e1850e69!8m2!3d47.2338856!4d2.0889368!16s%2Fg%2F1w6r7mt0!19sChIJ2X7dsLTb-kcRaQ6F4dH84pk?authuser=0&hl=fr&rclk=1,33466658300037,1986-02-05,40,actif,27.32Z
Tripeau Pascal,electricien,02 48 51 59 78,Vierzon,Cher,centre,Centre-Val de Loire,,0,,non,6 Rue des Terres de l'Étoile,https://www.google.com/maps/place/Tripeau+Pascal/data=!4m7!3m6!1s0x47fac48ee6594a1b:0xffd04ed7b30bd768!8m2!3d47.2060552!4d2.1844486!16s%2Fg%2F1tfl901c!19sChIJG0pZ5o7E-kcRaNcLs9dO0P8?authuser=0&hl=fr&rclk=1,40238729400026,1995-10-02,30,C,43.21A
Aaz Plomberie,plombier,02 36 08 93 65,Bourges,Cher,centre,Centre-Val de Loire,"5,0",58,Ouvre à 08:30 ven.,non,,https://www.google.com/maps/place/Aaz+Plomberie/data=!4m7!3m6!1s0x47faec4ae478f611:0x9b56484712657681!8m2!3d46.9993557!4d2.2410601!16s%2Fg%2F11b6dq1vjw!19sChIJEfZ45Ers-kcRgXZlEkdIVps?authuser=0&hl=fr&rclk=1,50878365100013,2008-10-01,17,C,43.22A
suntech,plombier,02 54 49 46 01,Issoudun,Indre,centre,Centre-Val de Loire,"4,2",39,Ouvre à 09:00 ven.,non,1 Bd Pierre Favreau,https://www.google.com/maps/place/suntech/data=!4m7!3m6!1s0x47fafd31a9b79e77:0xb73cba8b2db4ca70!8m2!3d46.9492395!4d1.987431!16s%2Fg%2F1hc17fb9r!19sChIJd563qTH9-kcRcMq0LYu6PLc?authuser=0&hl=fr&rclk=1,43020246500026,2000-02-07,26,actif,43.22B
TYSEC,plombier,06 58 58 74 06,Vierzon,Cher,centre,Centre-Val de Loire,"4,9",34,Ouvre à 07:00 ven.,non,,https://www.google.com/maps/place/TYSEC/data=!4m7!3m6!1s0x47fadb500e54197d:0x46802a76ce5ad2f3!8m2!3d47.6439675!4d1.5907082!16s%2Fg%2F11g4dhxczf!19sChIJfRlUDlDb-kcR89JaznYqgEY?authuser=0&hl=fr&rclk=1,84077608200017,2018-07-01,7,actif,43.22A
Concept' Plomberie,plombier,06 47 70 18 53,Bourges,Cher,centre,Centre-Val de Loire,"4,9",32,Ouvre à 08:00 ven.,non,,https://www.google.com/maps/place/Concept%27+Plomberie/data=!4m7!3m6!1s0x47faed84ade0ffff:0x71c70037a3703534!8m2!3d46.9931502!4d2.2454845!16s%2Fg%2F11g0hnyvvf!19sChIJ___grYTt-kcRNDVwozcAx3E?authuser=0&hl=fr&rclk=1,49808711300029,2007-05-15,19,actif,43.22A
Aqua-Ty,plombier,06 18 14 13 48,Bourges,Cher,centre,Centre-Val de Loire,"5,0",25,Ouvre à 08:00 ven.,non,31 Rue du Gué,https://www.google.com/maps/place/Aqua-Ty/data=!4m7!3m6!1s0x47fa970845e7d4e7:0xaff5de45ce158a9e!8m2!3d47.0391347!4d2.4357418!16s%2Fg%2F11mnlhl9h8!19sChIJ59TnRQiX-kcRnooVzkXe9a8?authuser=0&hl=fr&rclk=1,44080736000050,2002-02-07,24,actif,45.20A
Mouroux Louis,plombier,02 54 34 08 84,Chateauroux,Indre,centre,Centre-Val de Loire,"4,4",24,Ouvre à 07:30 ven.,non,27 Rue Diderot,https://www.google.com/maps/place/Mouroux+Louis/data=!4m7!3m6!1s0x47fba1567ec2ce9d:0x7b8f1ee3cd3eac76!8m2!3d46.8102679!4d1.6921991!16s%2Fg%2F11f5kh8kpv!19sChIJnc7Cflah-0cRdqw-zeMej3s?authuser=0&hl=fr&rclk=1,37688015900011,1976-12-25,49,C,57.07
Ancelot-Lepolard,plombier,02 48 21 34 01,Bourges,Cher,centre,Centre-Val de Loire,"4,7",20,,non,,https://www.google.com/maps/place/Ancelot-Lepolard/data=!4m7!3m6!1s0x47fabe3193f6d053:0xc41570711ed80f27!8m2!3d47.123043!4d2.3605857!16s%2Fg%2F11f4ld_4_b!19sChIJU9D2kzG--kcRJw_YHnFwFcQ?authuser=0&hl=fr&rclk=1,50211391300037,2008-01-21,18,actif,43.21A
Turquin Anthony,plombier,02 54 21 88 66,Issoudun,Indre,centre,Centre-Val de Loire,"4,2",20,Ouvre à 08:30 ven.,non,,https://www.google.com/maps/place/Turquin+Anthony/data=!4m7!3m6!1s0x47fafd21e6859bbf:0xbf80e2178362d9c5!8m2!3d46.952036!4d2.0021!16s%2Fg%2F1vpprwvg!19sChIJv5uF5iH9-kcRxdligxfigL8?authuser=0&hl=fr&rclk=1,42409463900038,1999-07-01,26,actif,43.22B
Drouet Noel,plombier,02 54 22 02 36,Chateauroux,Indre,centre,Centre-Val de Loire,"4,6",19,Ouvre à 08:30 ven.,non,,https://www.google.com/maps/place/Drouet+Noel/data=!4m7!3m6!1s0x47fba0ae35743097:0xb93486c5773b7007!8m2!3d46.8042088!4d1.695611!16s%2Fg%2F1tdplfpf!19sChIJlzB0Na6g-0cRB3A7d8WGNLk?authuser=0&hl=fr&rclk=1,30953315600027,1977-01-01,49,actif,43.22B
ML Plomberie,plombier,06 11 20 52 02,Vierzon,Cher,centre,Centre-Val de Loire,"5,0",16,Ouvre à 08:30 ven.,non,,https://www.google.com/maps/place/ML+Plomberie/data=!4m7!3m6!1s0x8e4fa388986772eb:0x2b50ed56954ece02!8m2!3d47.1967685!4d2.081681!16s%2Fg%2F11vx5fh78p!19sChIJ63JnmIijT44RAs5OlVbtUCs?authuser=0&hl=fr&rclk=1,97828860300019,2023-09-01,2,actif,43.22A
Atelier Borderieux,plombier,02 48 70 46 90,Bourges,Cher,centre,Centre-Val de Loire,"4,8",16,Ouvre à 09:00 ven.,non,,https://www.google.com/maps/place/Atelier+Borderieux/data=!4m7!3m6!1s0x47fa95dc76467af5:0x384d60326e37d2c4!8m2!3d47.0826462!4d2.4129868!16s%2Fg%2F1tg6jxlz!19sChIJ9XpGdtyV-kcRxNI3bjJgTTg?authuser=0&hl=fr&rclk=1,49253609900012,2006-10-20,19,actif,43.32A
SAS BERRY PLOMBERIE,plombier,06 27 11 72 61,Bourges,Cher,centre,Centre-Val de Loire,"4,4",14,Ouvre à 08:00 ven.,non,,https://www.google.com/maps/place/SAS+BERRY+PLOMBERIE/data=!4m7!3m6!1s0x47fac33e933c9951:0xfc660728cc594c23!8m2!3d47.2768568!4d0.6923829!16s%2Fg%2F11q265dvwk!19sChIJUZk8kz7D-kcRI0xZzCgHZvw?authuser=0&hl=fr&rclk=1,85045577500013,2019-05-03,7,actif,68.20B
Berry Chauffage,plombier,02 54 34 00 00,Chateauroux,Indre,centre,Centre-Val de Loire,"4,8",12,Ouvre à 08:00 ven.,non,159 Rue Ampère,https://www.google.com/maps/place/Berry+Chauffage/data=!4m7!3m6!1s0x47fb09e05d75d333:0x61cb0d258d4ca56e!8m2!3d46.8144029!4d1.7226059!16s%2Fg%2F119w6s_2c!19sChIJM9N1XeAJ-0cRbqVMjSUNy2E?authuser=0&hl=fr&rclk=1,48992042100067,2006-04-20,20,actif,43.22A
Petiot Michel,plombier,02 54 21 75 09,Issoudun,Indre,centre,Centre-Val de Loire,"4,7",12,,non,,https://www.google.com/maps/place/Petiot+Michel/data=!4m7!3m6!1s0x47fb02e26fd0c699:0xe9c9c06d5266cacf!8m2!3d46.9383917!4d1.9201717!16s%2Fg%2F1tf7g0db!19sChIJmcbQb-IC-0cRz8pmUm3Ayek?authuser=0&hl=fr&rclk=1,43944811900032,2001-05-02,25,actif,86.22C
Entreprise Lefort François,plombier,02 48 50 19 67,Bourges,Cher,centre,Centre-Val de Loire,"3,3",11,Ouvre à 07:30 ven.,non,,https://www.google.com/maps/place/Entreprise+Lefort+Fran%C3%A7ois/data=!4m7!3m6!1s0x47fa960d9e0eefb3:0x135bef077f7c2d1b!8m2!3d47.1078723!4d2.3971185!16s%2Fg%2F11b6d83sqh!19sChIJs-8Ong2W-kcRGy18fwfvWxM?authuser=0&hl=fr&rclk=1,33319500600064,1985-08-05,40,radie,43.22A
SARL Mathieu Metivier,plombier,02 48 25 17 20,Bourges,Cher,centre,Centre-Val de Loire,"4,8",10,Ouvre à 08:00 ven.,non,94 Rue Emile Martin,https://www.google.com/maps/place/SARL+Mathieu+Metivier/data=!4m7!3m6!1s0xa2c9f2495584f061:0x86944d633072da8e!8m2!3d47.0781172!4d2.4075803!16s%2Fg%2F11q85lmpgt!19sChIJYfCEVUnyyaIRjtpyMGNNlIY?authuser=0&hl=fr&rclk=1,90104308300020,2021-07-02,4,actif,43.22B
Beurrier Eric,plombier,02 54 22 28 36,Chateauroux,Indre,centre,Centre-Val de Loire,"4,4",9,Ouvre à 08:00 ven.,non,,https://www.google.com/maps/place/Beurrier+Eric/data=!4m7!3m6!1s0x47fba07765358ea7:0xb8888499546abb34!8m2!3d46.8103911!4d1.650747!16s%2Fg%2F1w0q_87x!19sChIJp441ZXeg-0cRNLtqVJmEiLg?authuser=0&hl=fr&rclk=1,39153680200013,1993-07-05,32,actif,43.22B
A.c.i.a,plombier,02 54 03 09 62,Issoudun,Indre,centre,Centre-Val de Loire,"3,3",9,Ouvre à 08:00 ven.,non,Rue des Coinchettes,https://www.google.com/maps/place/A.c.i.a/data=!4m7!3m6!1s0x47fafcda07edb6fd:0x1ce1a0f1a8a2d9eb!8m2!3d46.9535971!4d2.011612!16s%2Fg%2F113fbvtd5!19sChIJ_bbtB9r8-kcR69miqPGg4Rw?authuser=0&hl=fr&rclk=1,42204022000044,1999-02-22,27,actif,43.22B
Plomberie Hamil,plombier,06 33 96 69 71,Issoudun,Indre,centre,Centre-Val de Loire,"5,0",8,Ouvre à 09:00 ven.,non,,https://www.google.com/maps/place/Plomberie+Hamil/data=!4m7!3m6!1s0x47fb033fb399eedf:0xb0dbc875b02b56bd!8m2!3d46.93839!4d1.91717!16s%2Fg%2F11r97dn6pp!19sChIJ3-6Zsz8D-0cRvVYrsHXI27A?authuser=0&hl=fr&rclk=1,32428771300014,,,C,00.10
XB Plomberie,plombier,06 63 54 36 87,Bourges,Cher,centre,Centre-Val de Loire,"5,0",7,Ouvre à 08:00 ven.,non,,https://www.google.com/maps/place/XB+Plomberie/data=!4m7!3m6!1s0x4add41410004372d:0xfa121f8e780d0c1e!8m2!3d47.1056832!4d2.512802!16s%2Fg%2F11wxlglbty!19sChIJLTcEAEFB3UoRHgwNeI4fEvo?authuser=0&hl=fr&rclk=1,90918197600012,2022-01-03,4,actif,47.64Z
bachelier m,plombier,06 58 84 87 57,Vierzon,Cher,centre,Centre-Val de Loire,"5,0",7,Ouvre à 09:00 ven.,non,1 Rue François Mitterrand,https://www.google.com/maps/place/bachelier+m/data=!4m7!3m6!1s0x47fad96392455555:0x630affd09298bf2e!8m2!3d47.221583!4d2.060798!16s%2Fg%2F11f5btjfzt!19sChIJVVVFkmPZ-kcRLr-YktD_CmM?authuser=0&hl=fr&rclk=1,91159745800023,2022-03-18,4,actif,47.19B
ABP Plomberie,plombier,06 62 27 12 67,Chateauroux,Indre,centre,Centre-Val de Loire,"4,7",7,Ouvre à 08:00 ven.,non,41 Rue de l'Horloge,https://www.google.com/maps/place/ABP+Plomberie/data=!4m7!3m6!1s0x47fb0a1e0e04c51f:0xcd0255a562d6f3a0!8m2!3d46.8277914!4d1.7033758!16s%2Fg%2F11btmq_6sn!19sChIJH8UEDh4K-0cRoPPWYqVVAs0?authuser=0&hl=fr&rclk=1,45260755900021,2004-01-17,22,actif,43.22A
Villoin Patrick,plombier,02 48 52 21 55,Vierzon,Cher,centre,Centre-Val de Loire,"4,7",7,,non,34 Rue André Guillemain,https://www.google.com/maps/place/Villoin+Patrick/data=!4m7!3m6!1s0x47fada4a32134ff7:0x3d03936117d37ea!8m2!3d47.215268!4d2.0809989!16s%2Fg%2F11b6dqstfz!19sChIJ908TMkra-kcR6jd9ETY50AM?authuser=0&hl=fr&rclk=1,80067736100027,2014-03-01,12,actif,43.22A
Couët Martial,plombier,02 48 26 51 04,Bourges,Cher,centre,Centre-Val de Loire,"3,1",7,Ouvre à 08:30 ven.,non,8 Rue Traversière,https://www.google.com/maps/place/Cou%C3%ABt+Martial/data=!4m7!3m6!1s0x47fa94c500abc187:0x686df97631cbc458!8m2!3d47.0623638!4d2.3197044!16s%2Fg%2F1tngpn6z!19sChIJh8GrAMWU-kcRWMTLMXb5bWg?authuser=0&hl=fr&rclk=1,41457210700012,1997-12-01,28,actif,43.22A
Rénopro – Plomberie Dépannage Urgence Bourges,plombier,06 72 98 81 79,Bourges,Cher,centre,Centre-Val de Loire,"5,0",5,Ouvre à 08:00 ven.,non,,https://www.google.com/maps/place/R%C3%A9nopro+%E2%80%93+Plomberie+D%C3%A9pannage+Urgence+Bourges/data=!4m7!3m6!1s0x2064af1c07463a7d:0xcaf4650d03edb36e!8m2!3d47.0780351!4d2.398298!16s%2Fg%2F11ym0c_q52!19sChIJfTpGBxyvZCARbrPtAw1l9Mo?authuser=0&hl=fr&rclk=1,,,,inconnu,
TBP - Thomas Blain Plomberie,plombier,06 70 62 56 57,Bourges,Cher,centre,Centre-Val de Loire,"5,0",5,Ouvre à 08:00 ven.,non,,https://www.google.com/maps/place/TBP+-+Thomas+Blain+Plomberie/data=!4m7!3m6!1s0xab8348c7a065d78f:0x528efd11a67005d0!8m2!3d46.9879666!4d2.5229842!16s%2Fg%2F11zk8q5d2b!19sChIJj9dloMdIg6sR0AVwphH9jlI?authuser=0&hl=fr&rclk=1,99082685100018,2025-10-01,0,actif,43.22A
Sté Nouvelle Nandillon,plombier,02 48 50 02 07,Bourges,Cher,centre,Centre-Val de Loire,"3,8",5,Ouvre à 08:00 ven.,non,11 Rue Théophile Lamy,https://www.google.com/maps/place/St%C3%A9+Nouvelle+Nandillon/data=!4m7!3m6!1s0x47fa95cec03e6a21:0xed322f23b48f685f!8m2!3d47.0766674!4d2.3903766!16s%2Fg%2F11mvb3bnrw!19sChIJIWo-wM6V-kcRX2iPtCMvMu0?authuser=0&hl=fr&rclk=1,40513260600014,1996-03-01,30,actif,52.4E
Doradoux-Duthin SAS,plombier,02 54 21 16 97,Issoudun,Indre,centre,Centre-Val de Loire,"2,8",4,Ouvre à 08:00 ven.,non,,https://www.google.com/maps/place/Doradoux-Duthin+SAS/data=!4m7!3m6!1s0x47fafd025f93a599:0xd6b521706ddcf818!8m2!3d46.9464929!4d2.0011735!16s%2Fg%2F11p_95j1p1!19sChIJmaWTXwL9-kcRGPjcbXAhtdY?authuser=0&hl=fr&rclk=1,40513169900028,1996-04-01,30,actif,43.22A
Debouchage canalisations,plombier,02 54 43 59 58,Chateauroux,Indre,centre,Centre-Val de Loire,"5,0",3,,non,,https://www.google.com/maps/place/Debouchage+canalisations/data=!4m7!3m6!1s0x47fba0a8199b8a17:0x2cc02f13782f010d!8m2!3d46.8123095!4d1.6942232!16s%2Fg%2F11hz8rqfj5!19sChIJF4qbGaig-0cRDQEveBMvwCw?authuser=0&hl=fr&rclk=1,84941134300031,2019-04-01,7,actif,37.00Z
ALM PLOMBERIE,plombier,06 85 85 84 63,Bourges,Cher,centre,Centre-Val de Loire,"5,0",3,Ouvre à 07:30 ven.,non,,https://www.google.com/maps/place/ALM+PLOMBERIE/data=!4m7!3m6!1s0x47fabf327b0dbd51:0xba556a4fc200435c!8m2!3d47.127757!4d2.3690112!16s%2Fg%2F11j1fjs69y!19sChIJUb0NezK_-kcRXEMAwk9qVbo?authuser=0&hl=fr&rclk=1,81152264800013,2015-05-13,11,actif,43.22A
Laadjel Abdel,plombier,02 48 24 82 88,Bourges,Cher,centre,Centre-Val de Loire,"5,0",3,,non,Laadjel Abdel,https://www.google.com/maps/place/Laadjel+Abdel/data=!4m7!3m6!1s0x47fa908bf6de03c9:0x36699854fa14851c!8m2!3d47.0323667!4d2.4366496!16s%2Fg%2F1tdmjvcl!19sChIJyQPe9ouQ-kcRHIUU-lSYaTY?authuser=0&hl=fr&rclk=1,42019592700033,1998-10-01,27,actif,43.22A
Mellouk Abdelaziz,plombier,06 69 47 41 73,Bourges,Cher,centre,Centre-Val de Loire,"5,0",3,Ouvre à 09:00 ven.,non,Mellouk Abdelaziz,https://www.google.com/maps/place/Mellouk+Abdelaziz/data=!4m7!3m6!1s0x47fa941635354f9b:0x3e847231fa85ef6a!8m2!3d46.9880074!4d2.5496588!16s%2Fg%2F11b6d6nnk1!19sChIJm081NRaU-kcRau-F-jFyhD4?authuser=0&hl=fr&rclk=1,88031799500012,2020-02-01,6,C,49.32Z
DT-dépannage :électricité et plomberie,plombier,07 67 94 73 55,Bourges,Cher,centre,Centre-Val de Loire,"5,0",3,Fermé,non,,https://www.google.com/maps/place/DT-d%C3%A9pannage+:%C3%A9lectricit%C3%A9+et+plomberie/data=!4m7!3m6!1s0x47fa95f6d505a8e3:0xf9e2d1f6ed69c4d4!8m2!3d47.0935842!4d2.3243483!16s%2Fg%2F11lwwqkrzc!19sChIJ46gF1faV-kcR1MRp7fbR4vk?authuser=0&hl=fr&rclk=1,98873181600019,2025-07-01,0,actif,96.02B
Mery Franck,plombier,02 54 34 48 24,Chateauroux,Indre,centre,Centre-Val de Loire,"4,0",3,,non,14 Bd de Saint-Maur,https://www.google.com/maps/place/Mery+Franck/data=!4m7!3m6!1s0x47fba097d5e3f281:0x9af6804d32fe136e!8m2!3d46.8176167!4d1.6780843!16s%2Fg%2F1w454zwh!19sChIJgfLj1Zeg-0cRbhP-Mk2A9po?authuser=0&hl=fr&rclk=1,44311307100049,2002-09-01,23,actif,43.22A
ASSISTANCE SERVICES Établissement Fermé depuis le 30 Juin 2023,plombier,02 48 68 09 13,Bourges,Cher,centre,Centre-Val de Loire,"3,7",3,Ouvre à 08:00 ven.,non,,https://www.google.com/maps/place/ASSISTANCE+SERVICES+%C3%89tablissement+Ferm%C3%A9+depuis+le+30+Juin+2023/data=!4m7!3m6!1s0x47fa961152a9b013:0xc25082ca5cbe0909!8m2!3d47.0972193!4d2.4106431!16s%2Fg%2F11b6dqn9mt!19sChIJE7CpUhGW-kcRCQm-XMqCUMI?authuser=0&hl=fr&rclk=1,,,,inconnu,
Pimenta Claudio,plombier,06 28 25 78 22,Chateauroux,Indre,centre,Centre-Val de Loire,"5,0",2,Ouvre à 08:00 ven.,non,Rue Jorge Carrasco,https://www.google.com/maps/place/Pimenta+Claudio/data=!4m7!3m6!1s0x47fb75381ad0fa15:0xde758e2144d98fcc!8m2!3d46.7979584!4d1.6843727!16s%2Fg%2F11h0t8k6w2!19sChIJFfrQGjh1-0cRzI_ZRCGOdd4?authuser=0&hl=fr&rclk=1,83477936500024,2018-02-01,8,actif,43.22B
A.m.p.c,plombier,02 18 28 70 29,Issoudun,Indre,centre,Centre-Val de Loire,"3,0",2,,non,,https://www.google.com/maps/place/A.m.p.c/data=!4m7!3m6!1s0x47fafccb93b45a83:0xfc4f815767ea7964!8m2!3d46.9593773!4d2.0209956!16s%2Fg%2F1hcb36ryx!19sChIJg1q0k8v8-kcRZHnqZ1eBT_w?authuser=0&hl=fr&rclk=1,52388782600023,2010-07-03,15,actif,43.22A
Mouroux Entreprise SAS,plombier,02 54 34 37 64,Chateauroux,Indre,centre,Centre-Val de Loire,"5,0",1,Ouvre à 08:00 ven.,non,,https://www.google.com/maps/place/Mouroux+Entreprise+SAS/data=!4m7!3m6!1s0x47fba754a5cb89b9:0x89e9afe91bd7b0f!8m2!3d46.802282!4d1.690286!16s%2Fg%2F11flpvvvr7!19sChIJuYnLpVSn-0cRD3u9kf6angg?authuser=0&hl=fr&rclk=1,53892145300014,2012-01-05,14,actif,43.22A
Etablissements Merot David,plombier,06 25 74 32 41,Chateauroux,Indre,centre,Centre-Val de Loire,"5,0",1,,non,14 Rue du Rochat,https://www.google.com/maps/place/Etablissements+Merot+David/data=!4m7!3m6!1s0x47fb0a1b253e5a87:0xa52126e18a885dd9!8m2!3d46.8230687!4d1.6969958!16s%2Fg%2F11b6dr83rs!19sChIJh1o-JRsK-0cR2V2IiuEmIaU?authuser=0&hl=fr&rclk=1,49926660900019,2007-08-01,18,actif,43.22A
Sarl Da Silva Plomb Chauf,plombier,06 82 82 04 28,Bourges,Cher,centre,Centre-Val de Loire,"5,0",1,Ouvre à 08:30 ven.,non,,https://www.google.com/maps/place/Sarl+Da+Silva+Plomb+Chauf/data=!4m7!3m6!1s0x47fabde63dd6132f:0x53fa097fc5692cc2!8m2!3d47.1268167!4d2.4060863!16s%2Fg%2F113fqxk1f!19sChIJLxPWPea9-kcRwixpxX8J-lM?authuser=0&hl=fr&rclk=1,,,,inconnu,
SNAV,plombier,06 72 63 36 45,Bourges,Cher,centre,Centre-Val de Loire,"5,0",1,Ouvre à 07:00 ven.,non,ZA Esprit 1 - Port Sec - Rue Albert Einstein,https://www.google.com/maps/place/SNAV/data=!4m7!3m6!1s0x47fa9633d8526369:0x107c48af6b0d5b30!8m2!3d47.097589!4d2.432216!16s%2Fg%2F1tf9s5g8!19sChIJaWNS2DOW-kcRMFsNa69IfBA?authuser=0&hl=fr&rclk=1,42274635400014,1999-01-01,27,actif,47.11C
Les Compagnons De L'Indre,plombier,02 54 42 75 37,Chateauroux,Indre,centre,Centre-Val de Loire,"1,0",1,Ouvre à 09:00 ven.,non,,https://www.google.com/maps/place/Les+Compagnons+De+L%27Indre/data=!4m7!3m6!1s0x47fba0a8199b8a17:0xbb98b39b6be90ef2!8m2!3d46.8123095!4d1.6942232!16s%2Fg%2F11vx3mzy3n!19sChIJF4qbGaig-0cR8g7pa5uzmLs?authuser=0&hl=fr&rclk=1,49094515100127,2006-07-01,19,actif,43.21A
Vassault Didier,plombier,02 48 50 32 92,Bourges,Cher,centre,Centre-Val de Loire,,0,Ouvre à 08:30 ven.,non,,https://www.google.com/maps/place/Vassault+Didier/data=!4m7!3m6!1s0x47fa96502cdf1cc7:0x25bc178d04830643!8m2!3d47.0808743!4d2.4277584!16s%2Fg%2F1tffyw31!19sChIJxxzfLFCW-kcRQwaDBI0XvCU?authuser=0&hl=fr&rclk=1,53152849500017,2011-04-04,15,radie,43.22A
Julien Didier,plombier,06 74 33 72 34,Bourges,Cher,centre,Centre-Val de Loire,,0,Ouvre à 08:00 ven.,non,,https://www.google.com/maps/place/Julien+Didier/data=!4m7!3m6!1s0x47fa957fafd5495b:0x8dc3d6be502b284f!8m2!3d47.0823906!4d2.3954114!16s%2Fg%2F11btlwpbw4!19sChIJW0nVr3-V-kcRTygrUL7Ww40?authuser=0&hl=fr&rclk=1,37787950700012,1990-04-01,36,radie,33.12Z
