zone;ville;departement;population;deja_scannee_radar
lorraine-rurale;Metz;57;122572;oui
lorraine-rurale;Nancy;54;103671;oui
lorraine-rurale;Thionville;57;42658;oui
lorraine-rurale;Épinal;88;32251;oui
lorraine-rurale;Vandœuvre-lès-Nancy;54;29942;non
lorraine-rurale;Montigny-lès-Metz;57;21718;non
lorraine-rurale;Forbach;57;20493;oui
lorraine-rurale;Sarreguemines;57;20143;oui
lorraine-rurale;Saint-Dié-des-Vosges;88;19251;oui
lorraine-rurale;Lunéville;54;18262;oui
lorraine-rurale;Yutz;57;17391;non
lorraine-rurale;Verdun;55;16890;oui
lorraine-rurale;Hayange;57;15806;non
lorraine-rurale;Toul;54;15768;oui
lorraine-rurale;Longwy;54;15679;non
lorraine-rurale;Woippy;57;14967;non
lorraine-rurale;Fameck;57;14788;non
lorraine-rurale;Laxou;54;14771;non
lorraine-rurale;Saint-Avold;57;14755;non
lorraine-rurale;Villers-lès-Nancy;54;14718;non
lorraine-rurale;Bar-le-Duc;55;14607;oui
lorraine-rurale;Pont-à-Mousson;54;14190;oui
lorraine-rurale;Freyming-Merlebach;57;13266;non
lorraine-rurale;Creutzwald;57;12254;non
lorraine-rurale;Sarrebourg;57;12170;oui
lorraine-rurale;Florange;57;12035;non
lorraine-rurale;Maizières-lès-Metz;57;11580;non
lorraine-rurale;Stiring-Wendel;57;10956;non
lorraine-rurale;Amnéville;57;10875;non
lorraine-rurale;Marly;57;10286;non
lorraine-rurale;Villerupt;54;10102;non
lorraine-rurale;Maxéville;54;10090;non
lorraine-rurale;Saint-Max;54;9913;non
lorraine-rurale;Dombasle-sur-Meurthe;54;9424;non
lorraine-rurale;Rombas;57;9371;non
lorraine-rurale;Mont-Saint-Martin;54;9361;non
lorraine-rurale;Jarville-la-Malgrange;54;9356;non
lorraine-rurale;Hagondange;57;9278;non
lorraine-rurale;Tomblaine;54;9117;non
lorraine-rurale;Golbey;88;8832;non
lorraine-rurale;Essey-lès-Nancy;54;8670;non
lorraine-rurale;Thaon-les-Vosges;88;8547;non
lorraine-rurale;Val de Briey;54;8130;non
lorraine-rurale;Talange;57;8120;non
lorraine-rurale;Guénange;57;8083;non
lorraine-rurale;Jarny;54;8050;non
lorraine-rurale;Malzéville;54;7820;non
lorraine-rurale;Terville;57;7801;non
lorraine-rurale;Hettange-Grande;57;7772;non
lorraine-rurale;Gérardmer;88;7581;non
lorraine-rurale;Remiremont;88;7388;non
lorraine-rurale;Saint-Nicolas-de-Port;54;7359;non
lorraine-rurale;Audun-le-Tiche;57;7356;non
lorraine-rurale;Moyeuvre-Grande;57;7311;non
lorraine-rurale;Uckange;57;7021;non
lorraine-rurale;Neufchâteau;88;6732;non
lorraine-rurale;Laneuveville-devant-Nancy;54;6630;non
lorraine-rurale;Champigneulles;54;6551;non
lorraine-rurale;Marange-Silvange;57;6539;non
lorraine-rurale;Neuves-Maisons;54;6524;non
lorraine-rurale;Frouard;54;6444;non
lorraine-rurale;Jœuf;54;6392;non
lorraine-rurale;Homécourt;54;6254;non
lorraine-rurale;Petite-Rosselle;57;6171;non
lorraine-rurale;Behren-lès-Forbach;57;6166;non
lorraine-rurale;Hombourg-Haut;57;5976;non
lorraine-rurale;Raon-l'Étape;88;5886;non
lorraine-rurale;Ludres;54;5843;non
lorraine-rurale;Algrange;57;5802;non
lorraine-rurale;Mondelange;57;5699;non
lorraine-rurale;Liverdun;54;5580;non
lorraine-rurale;Boulay-Moselle;57;5434;non
lorraine-rurale;Heillecourt;54;5414;non
lorraine-rurale;Commercy;55;5350;oui
lorraine-rurale;Moulins-lès-Metz;57;5265;non
lorraine-rurale;Farébersviller;57;5224;non
lorraine-rurale;L'Hôpital;57;5183;non
lorraine-rurale;Seichamps;54;5165;non
lorraine-rurale;Longuyon;54;5134;non
lorraine-rurale;Faulquemont;57;5109;non
lorraine-rurale;Pulnoy;54;5099;non
lorraine-rurale;Rambervillers;88;5018;non
champagne-rurale;Reims;51;177674;non
champagne-rurale;Troyes;10;62088;oui
champagne-rurale;Charleville-Mézières;08;45560;oui
champagne-rurale;Châlons-en-Champagne;51;42971;non
champagne-rurale;Saint-Dizier;52;22858;oui
champagne-rurale;Épernay;51;22174;non
champagne-rurale;Chaumont;52;20827;oui
champagne-rurale;Sedan;08;16667;oui
champagne-rurale;Romilly-sur-Seine;10;14959;oui
champagne-rurale;Saint-André-les-Vergers;10;12806;non
champagne-rurale;La Chapelle-Saint-Luc;10;12648;non
champagne-rurale;Vitry-le-François;51;10996;oui
champagne-rurale;Tinqueux;51;10771;non
champagne-rurale;Sainte-Savine;10;10289;non
champagne-rurale;Rethel;08;7444;oui
champagne-rurale;Langres;52;7421;oui
champagne-rurale;Bétheny;51;6975;non
champagne-rurale;Saint-Julien-les-Villas;10;6760;non
champagne-rurale;Cormontreuil;51;6534;non
champagne-rurale;Givet;08;6364;non
champagne-rurale;Fismes;51;5850;non
champagne-rurale;Revin;08;5716;non
champagne-rurale;Nogent-sur-Seine;10;5537;oui
champagne-rurale;Nouzonville;08;5523;non
champagne-rurale;Saint-Memmie;51;5441;non
champagne-rurale;Pont-Sainte-Marie;10;5249;non
champagne-rurale;Aÿ-Champagne;51;5103;non
champagne-rurale;Bezannes;51;5039;non
bourgogne;Dijon;21;161830;oui
bourgogne;Chalon-sur-Saône;71;45102;oui
bourgogne;Mâcon;71;35177;oui
bourgogne;Auxerre;89;35097;oui
bourgogne;Nevers;58;33085;oui
bourgogne;Sens;89;27106;oui
bourgogne;Le Creusot;71;20509;oui
bourgogne;Beaune;21;20352;oui
bourgogne;Montceau-les-Mines;71;17064;oui
bourgogne;Chenôve;21;14244;non
bourgogne;Autun;71;13172;oui
bourgogne;Talant;21;11896;non
bourgogne;Chevigny-Saint-Sauveur;21;11108;non
bourgogne;Cosne-Cours-sur-Loire;58;9733;non
bourgogne;Paray-le-Monial;71;9291;non
bourgogne;Fontaine-lès-Dijon;21;9252;non
bourgogne;Varennes-Vauzelles;58;9146;non
bourgogne;Joigny;89;9016;oui
bourgogne;Quetigny;21;8971;non
bourgogne;Longvic;21;8896;non
bourgogne;Saint-Vallier;71;8508;non
bourgogne;Charnay-lès-Mâcon;71;8227;non
bourgogne;Auxonne;21;7581;non
bourgogne;Saint-Apollinaire;21;7544;non
bourgogne;Digoin;71;7353;non
bourgogne;Migennes;89;6688;non
bourgogne;Gueugnon;71;6528;non
bourgogne;Louhans-Châteaurenaud;71;6446;non
bourgogne;Saint-Rémy;71;6410;non
bourgogne;Avallon;89;6305;oui
bourgogne;Châtenoy-le-Royal;71;6267;non
bourgogne;Saint-Marcel;71;6211;non
bourgogne;Blanzy;71;5955;non
bourgogne;Tournus;71;5701;non
bourgogne;Châtillon-sur-Seine;21;5443;non
bourgogne;Marsannay-la-Côte;21;5433;non
bourgogne;Chagny;71;5350;non
bourgogne;Nuits-Saint-Georges;21;5235;non
bourgogne;Villeneuve-sur-Yonne;89;5135;non
bourgogne;Genlis;21;5093;non
centre;Tours;37;139259;oui
centre;Orléans;45;116357;oui
centre;Bourges;18;64186;oui
centre;Blois;41;47219;oui
centre;Châteauroux;36;42963;oui
centre;Joué-lès-Tours;37;38423;non
centre;Chartres;28;38324;oui
centre;Dreux;28;31543;oui
centre;Vierzon;18;25068;oui
centre;Olivet;45;23507;non
centre;Saint-Jean-de-Braye;45;23147;non
centre;Fleury-les-Aubrais;45;21804;non
centre;Romorantin-Lanthenay;41;18373;oui
centre;Saran;45;17316;non
centre;Saint-Cyr-sur-Loire;37;17029;non
centre;Saint-Jean-de-la-Ruelle;45;16768;non
centre;Lucé;28;15921;non
centre;Saint-Pierre-des-Corps;37;15898;non
centre;Vendôme;41;15758;oui
centre;Saint-Avertin;37;14999;non
centre;Montargis;45;14825;oui
centre;Amilly;45;13582;non
centre;Gien;45;13459;non
centre;Amboise;37;12937;oui
centre;Châteaudun;28;12830;non
centre;Chambray-lès-Tours;37;12720;non
centre;Châlette-sur-Loing;45;12677;non
centre;Vernouillet;28;12310;non
centre;Montlouis-sur-Loire;37;11335;non
centre;Issoudun;36;11159;non
centre;La Chapelle-Saint-Mesmin;45;11017;non
centre;Fondettes;37;10954;non
centre;Mainvilliers;28;10629;non
centre;La Riche;37;10487;non
centre;Ingré;45;10062;non
centre;Saint-Amand-Montrond;18;9899;non
centre;Saint-Doulchard;18;9647;non
centre;Saint-Jean-le-Blanc;45;9562;non
centre;Nogent-le-Rotrou;28;9292;non
centre;Chécy;45;9083;non
centre;Pithiviers;45;8856;non
centre;Châteauneuf-sur-Loire;45;8546;non
centre;Ballan-Miré;37;8477;non
centre;Chinon;37;8144;oui
centre;Monts;37;8080;non
centre;Vineuil;41;8064;non
centre;Beaugency;45;8024;non
centre;Le Malesherbois;45;8016;non
centre;Saint-Denis-en-Val;45;7766;non
centre;Déols;36;7600;non
centre;La Ferté-Saint-Aubin;45;7284;non
centre;Villemandeur;45;7078;non
centre;Luisant;28;6945;non
centre;Veigné;37;6865;non
centre;Le Controis-en-Sologne;41;6860;non
centre;Meung-sur-Loire;45;6670;non
centre;Saint-Florent-sur-Cher;18;6463;non
centre;Auneau-Bleury-Saint-Symphorien;28;6419;non
centre;Mehun-sur-Yèvre;18;6380;non
centre;Esvres;37;6294;non
centre;Saint-Pryvé-Saint-Mesmin;45;6256;non
centre;Mer;41;6250;non
centre;Loches;37;6234;non
centre;Le Blanc;36;6164;non
centre;Le Poinçonnet;36;5855;non
centre;Épernon;28;5715;non
centre;Lèves;28;5685;non
centre;Cloyes-les-Trois-Rivières;28;5607;non
centre;La Ville-aux-Dames;37;5606;non
centre;Aubigny-sur-Nère;18;5451;non
centre;Bléré;37;5352;non
centre;Sully-sur-Loire;45;5124;non
centre;Luynes;37;5062;non
auvergne;Clermont-Ferrand;63;146351;oui
auvergne;Montluçon;03;33147;oui
auvergne;Aurillac;15;26214;oui
auvergne;Vichy;03;25115;oui
auvergne;Cournon-d'Auvergne;63;19951;non
auvergne;Moulins;03;19206;oui
auvergne;Riom;63;18820;oui
auvergne;Le Puy-en-Velay;43;18540;oui
auvergne;Chamalières;63;17509;non
auvergne;Issoire;63;15115;oui
auvergne;Cusset;03;13316;non
auvergne;Yzeure;03;12897;non
auvergne;Pont-du-Château;63;12412;non
auvergne;Thiers;63;11637;oui
auvergne;Beaumont;63;10728;non
auvergne;Aubière;63;10459;non
auvergne;Gerzat;63;10335;non
auvergne;Cébazat;63;8953;non
auvergne;Bellerive-sur-Allier;03;8943;non
auvergne;Monistrol-sur-Loire;43;8823;non
auvergne;Lempdes;63;8709;non
auvergne;Domérat;03;8622;non
auvergne;Romagnat;63;7894;non
auvergne;Yssingeaux;43;7415;oui
auvergne;Ceyrat;63;6592;non
auvergne;Lezoux;63;6528;non
auvergne;Brioude;43;6527;oui
auvergne;Ambert;63;6517;oui
auvergne;Saint-Flour;15;6391;oui
auvergne;Arpajon-sur-Cère;15;6361;non
auvergne;Châtel-Guyon;63;6299;non
auvergne;Aurec-sur-Loire;43;6164;non
auvergne;Sainte-Sigolène;43;6097;non
auvergne;Commentry;03;6017;non
auvergne;Gannat;03;5610;non
auvergne;Le Cendre;63;5415;non
auvergne;Vic-le-Comte;63;5396;non
limousin;Limoges;87;129937;oui
limousin;Brive-la-Gaillarde;19;47095;oui
limousin;Tulle;19;13401;oui
limousin;Guéret;23;12955;oui
limousin;Saint-Junien;87;11415;oui
limousin;Panazol;87;11342;non
limousin;Couzeix;87;10195;non
limousin;Ussel;19;9187;oui
limousin;Malemort;19;8239;non
limousin;Isle;87;7995;non
limousin;Saint-Yrieix-la-Perche;87;6830;oui
limousin;Feytiat;87;6176;non
limousin;Aixe-sur-Vienne;87;5890;non
limousin;Le Palais-sur-Vienne;87;5775;non
limousin;Ambazac;87;5556;non
limousin;Condat-sur-Vienne;87;5281;non
limousin;Saint-Pantaléon-de-Larche;19;5091;non
occitanie-rurale;Montauban;82;62945;oui
occitanie-rurale;Albi;81;51290;oui
occitanie-rurale;Castres;81;42505;oui
occitanie-rurale;Rodez;12;23981;oui
occitanie-rurale;Auch;32;22428;oui
occitanie-rurale;Millau;12;22044;oui
occitanie-rurale;Cahors;46;20050;oui
occitanie-rurale;Pamiers;09;16473;non
occitanie-rurale;Gaillac;81;16162;non
occitanie-rurale;Castelsarrasin;82;14343;non
occitanie-rurale;Moissac;82;13419;non
occitanie-rurale;Graulhet;81;13129;non
occitanie-rurale;Mende;48;12464;oui
occitanie-rurale;Onet-le-Château;12;12080;non
occitanie-rurale;Villefranche-de-Rouergue;12;11271;oui
occitanie-rurale;Lavaur;81;10965;non
occitanie-rurale;Mazamet;81;10085;non
occitanie-rurale;Foix;09;9934;oui
occitanie-rurale;Carmaux;81;9872;non
occitanie-rurale;Figeac;46;9793;oui
occitanie-rurale;Saint-Sulpice-la-Pointe;81;9719;non
occitanie-rurale;L'Isle-Jourdain;32;9537;non
occitanie-rurale;Saint-Affrique;12;7941;non
occitanie-rurale;Caussade;82;6803;non
occitanie-rurale;Montech;82;6663;non
occitanie-rurale;Labruguière;81;6584;non
occitanie-rurale;Saint-Juéry;81;6564;non
occitanie-rurale;Condom;32;6473;oui
occitanie-rurale;Fleurance;32;6247;non
occitanie-rurale;Luc-la-Primaube;12;6046;non
occitanie-rurale;Saint-Girons;09;6008;non
occitanie-rurale;Lavelanet;09;5987;non
occitanie-rurale;Nègrepelisse;82;5917;non
occitanie-rurale;Rabastens;81;5867;non
occitanie-rurale;Aussillon;81;5527;non
occitanie-rurale;Valence;82;5289;non
occitanie-rurale;Decazeville;12;5020;oui
poitou;Poitiers;86;89916;oui
poitou;La Rochelle;17;79851;oui
poitou;Niort;79;59854;oui
poitou;Angoulême;16;41908;oui
poitou;Châtellerault;86;31003;oui
poitou;Saintes;17;25363;oui
poitou;Rochefort;17;23460;oui
poitou;Bressuire;79;19970;oui
poitou;Royan;17;19425;oui
poitou;Cognac;16;18532;oui
poitou;Thouars;79;13891;oui
poitou;Buxerolles;86;10289;non
poitou;Parthenay;79;10140;oui
poitou;Soyaux;16;10087;non
poitou;Aytré;17;9746;non
poitou;Périgny;17;8877;non
poitou;Mauléon;79;8573;non
poitou;Tonnay-Charente;17;8289;non
poitou;Lagord;17;7802;non
poitou;La Couronne;16;7765;non
poitou;Saint-Maixent-l'École;79;7595;non
poitou;Saint-Yrieix-sur-Charente;16;7539;non
poitou;Jaunay-Marigny;86;7528;non
poitou;Saujon;17;7440;non
poitou;Ruelle-sur-Touvre;16;7408;non
poitou;Saint-Benoît;86;7375;non
poitou;Chauray;79;7221;non
poitou;Chauvigny;86;7007;non
poitou;Surgères;17;6897;non
poitou;Loudun;86;6839;non
poitou;Saint-Jean-d'Angély;17;6784;non
poitou;Puilboreau;17;6765;non
poitou;Châtelaillon-Plage;17;6653;non
poitou;Saint-Pierre-d'Oléron;17;6633;non
poitou;Dompierre-sur-Mer;17;6315;non
poitou;Vouneuil-sous-Biard;86;6290;non
poitou;Migné-Auxances;86;6285;non
poitou;Marennes-Hiers-Brouage;17;6163;non
poitou;Naintré;86;5964;non
poitou;Gond-Pontouvre;16;5862;non
poitou;Montmorillon;86;5821;non
poitou;Nieul-sur-Mer;17;5811;non
poitou;Melle;79;5752;non
poitou;Saint-Martin-la-Pallu;86;5713;non
poitou;L'Isle-d'Espagnac;16;5682;non
poitou;Saint-Xandre;17;5677;non
poitou;La Crèche;79;5662;non
poitou;Neuville-de-Poitou;86;5513;non
poitou;Nueil-les-Aubiers;79;5483;non
poitou;Aiffres;79;5419;non
poitou;Champniers;16;5281;non
poitou;Mignaloux-Beauvoir;86;5229;non
poitou;Moncoutant-sur-Sèvre;79;5121;non
poitou;Saint-Georges-de-Didonne;17;5092;non
poitou;Sainte-Soulle;17;5034;non
pyrenees-rurales;Pau;64;80441;oui
pyrenees-rurales;Bayonne;64;54306;oui
pyrenees-rurales;Tarbes;65;44399;oui
pyrenees-rurales;Anglet;64;43271;non
pyrenees-rurales;Biarritz;64;26206;oui
pyrenees-rurales;Hendaye;64;18102;oui
pyrenees-rurales;Saint-Jean-de-Luz;64;14857;oui
pyrenees-rurales;Billère;64;14384;non
pyrenees-rurales;Lons;64;13606;non
pyrenees-rurales;Lourdes;65;13266;oui
pyrenees-rurales;Orthez;64;10881;oui
pyrenees-rurales;Oloron-Sainte-Marie;64;10684;oui
pyrenees-rurales;Urrugne;64;10661;non
pyrenees-rurales;Lescar;64;9455;non
pyrenees-rurales;Boucau;64;8968;non
pyrenees-rurales;Aureilhan;65;8031;non
pyrenees-rurales;Ustaritz;64;7897;non
pyrenees-rurales;Bidart;64;7689;non
pyrenees-rurales;Hasparren;64;7626;non
pyrenees-rurales;Saint-Pée-sur-Nivelle;64;7264;non
pyrenees-rurales;Bagnères-de-Bigorre;65;7114;oui
pyrenees-rurales;Jurançon;64;7040;non
pyrenees-rurales;Cambo-les-Bains;64;6760;non
pyrenees-rurales;Ciboure;64;5951;non
pyrenees-rurales;Saint-Pierre-d'Irube;64;5900;non
pyrenees-rurales;Lannemezan;65;5811;oui
pyrenees-rurales;Mourenx;64;5695;oui
pyrenees-rurales;Gan;64;5676;non
pyrenees-rurales;Mouguerre;64;5428;non
pyrenees-rurales;Bordères-sur-l'Échez;65;5399;non
pyrenees-rurales;Idron;64;5340;non
pyrenees-rurales;Séméac;65;5236;non
normandie-rurale;Le Havre;76;166687;oui
normandie-rurale;Rouen;76;117662;oui
normandie-rurale;Caen;14;109400;oui
normandie-rurale;Cherbourg-en-Cotentin;50;78258;non
normandie-rurale;Évreux;27;49360;oui
normandie-rurale;Saint-Étienne-du-Rouvray;76;29518;non
normandie-rurale;Sotteville-lès-Rouen;76;29003;non
normandie-rurale;Dieppe;76;28496;oui
normandie-rurale;Le Grand-Quevilly;76;25789;non
normandie-rurale;Alençon;61;25490;oui
normandie-rurale;Vernon;27;25290;non
normandie-rurale;Hérouville-Saint-Clair;14;23470;non
normandie-rurale;Le Petit-Quevilly;76;22208;non
normandie-rurale;Mont-Saint-Aignan;76;20165;non
normandie-rurale;Lisieux;14;19645;oui
normandie-rurale;Saint-Lô;50;19471;non
normandie-rurale;Louviers;27;18705;non
normandie-rurale;Vire Normandie;14;17457;non
normandie-rurale;Fécamp;76;17313;oui
normandie-rurale;Montivilliers;76;15478;non
normandie-rurale;Elbeuf;76;15474;non
normandie-rurale;Bois-Guillaume;76;14539;non
normandie-rurale;Flers;61;14432;oui
normandie-rurale;Canteleu;76;14402;non
normandie-rurale;Argentan;61;13527;oui
normandie-rurale;Val-de-Reuil;27;13245;non
normandie-rurale;Bayeux;14;12659;oui
normandie-rurale;Granville;50;12510;non
normandie-rurale;Gisors;27;12410;non
normandie-rurale;Oissel-sur-Seine;76;12317;non
normandie-rurale;Barentin;76;12022;non
normandie-rurale;Ifs;14;11937;non
normandie-rurale;Bolbec;76;11590;non
normandie-rurale;La Hague;50;11484;non
normandie-rurale;Yvetot;76;11438;non
normandie-rurale;Maromme;76;10957;non
normandie-rurale;Déville-lès-Rouen;76;10802;non
normandie-rurale;Port-Jérôme-sur-Seine;76;10617;non
normandie-rurale;Caudebec-lès-Elbeuf;76;10476;non
normandie-rurale;Mondeville;14;10331;non
normandie-rurale;Carentan-les-Marais;50;10218;non
normandie-rurale;Avranches;50;10143;non
normandie-rurale;Pont-Audemer;27;10023;non
normandie-rurale;Grand-Couronne;76;9768;non
normandie-rurale;Mézidon Vallée d'Auge;14;9766;non
normandie-rurale;Bernay;27;9765;non
normandie-rurale;Darnétal;76;9566;non
normandie-rurale;Petit-Caux;76;9513;non
normandie-rurale;Ouistreham;14;9212;non
normandie-rurale;Gonfreville-l'Orcher;76;8916;non
normandie-rurale;Petit-Couronne;76;8683;non
normandie-rurale;Souleuvre en Bocage;14;8629;non
normandie-rurale;Lillebonne;76;8541;non
normandie-rurale;Saint-Aubin-lès-Elbeuf;76;8443;non
normandie-rurale;Coutances;50;8321;oui
normandie-rurale;Bihorel;76;8316;non
normandie-rurale;Saint-Pierre-lès-Elbeuf;76;8306;non
normandie-rurale;Harfleur;76;8289;non
normandie-rurale;Le Mesnil-Esnard;76;8177;non
normandie-rurale;Les Andelys;27;7706;non
normandie-rurale;Falaise;14;7680;non
normandie-rurale;L'Aigle;61;7663;non
normandie-rurale;Colombelles;14;7243;non
normandie-rurale;Verneuil d'Avre et d'Iton;27;7193;non
normandie-rurale;Saint-Pierre-en-Auge;14;7100;non
normandie-rurale;Notre-Dame-de-Bondeville;76;7071;non
normandie-rurale;Sainte-Adresse;76;7004;non
normandie-rurale;Valognes;50;6969;non
normandie-rurale;Gaillon;27;6746;non
normandie-rurale;Honfleur;14;6640;non
normandie-rurale;Eu;76;6499;non
normandie-rurale;Bonsecours;76;6442;non
normandie-rurale;Malaunay;76;6221;non
normandie-rurale;Livarot-Pays-d'Auge;14;6207;non
normandie-rurale;Thue et Mue;14;6182;non
normandie-rurale;Octeville-sur-Mer;76;6172;non
normandie-rurale;Franqueville-Saint-Pierre;76;6171;non
normandie-rurale;Blainville-sur-Orne;14;6106;non
normandie-rurale;Mesnils-sur-Iton;27;6078;non
normandie-rurale;Pavilly;76;6029;non
normandie-rurale;Vexin-sur-Epte;27;6015;non
normandie-rurale;Condé-en-Normandie;14;5985;non
normandie-rurale;Fleury-sur-Orne;14;5941;non
normandie-rurale;Bricquebec-en-Cotentin;50;5893;non
normandie-rurale;Saint-Hilaire-du-Harcouët;50;5770;non
normandie-rurale;Gournay-en-Bray;76;5723;non
normandie-rurale;Valdallière;14;5696;non
normandie-rurale;Saint-Sébastien-de-Morsent;27;5524;non
normandie-rurale;Cormelles-le-Royal;14;5377;non
normandie-rurale;Pont-l'Évêque;14;5145;non
normandie-rurale;Douvres-la-Délivrande;14;5143;non
normandie-rurale;Dives-sur-Mer;14;5122;non
normandie-rurale;Le Val d'Hazey;27;5111;non
normandie-rurale;Giberville;14;5077;non
normandie-rurale;La Ferté Macé;61;5071;non
normandie-rurale;Pacy-sur-Eure;27;5027;non
normandie-rurale;Saint-James;50;5018;non